CREATE SCHEMA HR;

SET search_path TO HR;

BEGIN TRANSACTION;

-- CRÉATION DE LA TABLE TD_TRAIN_CARTE
CREATE TABLE HR.TD_TRAIN_CARTE(
    CD_CARTE VARCHAR(5) NOT NULL,      
    TYPE_CARTE VARCHAR(20),             
    DESC_CARTE VARCHAR(100),            
    PRIX DECIMAL(20,9),                 
    CONSTRAINT PK_TRAINCARTE PRIMARY KEY (CD_CARTE)  
);

-- CRÉATION DE LA TABLE TD_TRAIN_CLIENT
CREATE TABLE HR.TD_TRAIN_CLIENT(
	CD_EMAIL INTEGER NOT NULL,
	LBL_EMAIL VARCHAR(100),
	NOM VARCHAR(20),
	PRENOM VARCHAR(20),
	DATE_DE_NAISSANCE DATE,
	ADRESSE VARCHAR(100),
	CONSTRAINT PK_TRAIN_CLIENT PRIMARY KEY(CD_EMAIL)
);

-- CRÉATION DE LA TABLE TD_TRAIN_PAYS
CREATE TABLE HR.TD_TRAIN_PAYS(
	CODE_PAYS VARCHAR(5) NOT NULL,
	NOM_PAYS VARCHAR(20),
	CONSTRAINT PK_TRAINPAYS PRIMARY KEY(CODE_PAYS)
);

-- CRÉATION DE LA TABLE TD_TYPE_TRAIN
CREATE TABLE HR.TD_TYPE_TRAIN(
	CD_TRAIN VARCHAR(20) NOT NULL,
	TYPE_TRAIN VARCHAR(50),
	NOMBRE_PLACE INTEGER,
	CONSTRAINT PK_TYPETRAIN PRIMARY KEY(CD_TRAIN)
);

-- CRÉATION DE LA TABLE TD_TRAIN_VILLE
CREATE TABLE HR.TD_TRAIN_VILLE(
	CD_VOYAGE VARCHAR(20) NOT NULL,
	VILLE_ORIGINE VARCHAR(50) NOT NULL,
	VILLE_DESTINATAIRE VARCHAR(50),
	CONSTRAINT PK_TRAINVILLE PRIMARY KEY(CD_VOYAGE)
);

-- CRÉATION DE LA TABLE TF_TRAIN_COMMANDE
CREATE TABLE HR.TF_TRAIN_COMMANDE(
	CD_COMMANDE INTEGER NOT NULL,
	CD_EMAIL INTEGER NOT NULL,
	CD_TRAIN VARCHAR(20),
	CD_VOYAGE VARCHAR(20) NOT NULL,
	CD_CARTE VARCHAR(5),
	QUANTITE INTEGER NOT NULL,
	DATE_ACHAT DATE,
	MONTANT DECIMAL(20,9) NOT NULL,
	DATE_VOYAGE DATE,
	CODE_PAYS VARCHAR(5),  -- Correspond à la taille de CODE_PAYS dans TD_TRAIN_PAYS
	CONSTRAINT FK_CMD_CLIENT FOREIGN KEY (CD_EMAIL) REFERENCES TD_TRAIN_CLIENT(CD_EMAIL),
	CONSTRAINT FK_CMD_TYPE FOREIGN KEY (CD_TRAIN) REFERENCES TD_TYPE_TRAIN(CD_TRAIN),
	CONSTRAINT FK_CMD_VILLE FOREIGN KEY (CD_VOYAGE) REFERENCES TD_TRAIN_VILLE(CD_VOYAGE),
	CONSTRAINT FK_CMD_CARTE FOREIGN KEY (CD_CARTE) REFERENCES TD_TRAIN_CARTE(CD_CARTE),
	CONSTRAINT FK_CMD_PAYS FOREIGN KEY (CODE_PAYS) REFERENCES TD_TRAIN_PAYS(CODE_PAYS)
);


-- Modifier la colonne CD_EMAIL pour être un VARCHAR
ALTER TABLE HR.TD_TRAIN_CLIENT
ALTER COLUMN CD_EMAIL TYPE VARCHAR(100);

-- Ajouter une colonne pour le type de carte de fidélité (si pertinent)
ALTER TABLE HR.TD_TRAIN_CLIENT
ADD COLUMN CD_CARTE_FIDELITE VARCHAR(5) REFERENCES HR.TD_TRAIN_CARTE(CD_CARTE);

-- Ajouter des colonnes pour stocker la latitude et la longitude dans TD_TRAIN_VILLE
ALTER TABLE HR.TD_TRAIN_VILLE
ADD COLUMN LATITUDE DECIMAL(9,6),
ADD COLUMN LONGITUDE DECIMAL(9,6);


 -- DDL for Table TD_TRAIN_CARTE
--------------------------------------------------------

Insert into HR.TD_TRAIN_CARTE (CD_CARTE,TYPE_CARTE,DESC_CARTE,PRIX) values ('CAJ','COMMERCIALE','CARTE AVANTAGE JEUNE','49');
Insert into HR.TD_TRAIN_CARTE (CD_CARTE,TYPE_CARTE,DESC_CARTE,PRIX) values ('CAS','COMMERCIALE','CARTE AVANTAGE SENIOR','49');
Insert into HR.TD_TRAIN_CARTE (CD_CARTE,TYPE_CARTE,DESC_CARTE,PRIX) values ('CAA','COMMERCIALE','CARTE AVANTAGE ADULTE','49');
Insert into HR.TD_TRAIN_CARTE (CD_CARTE,TYPE_CARTE,DESC_CARTE,PRIX) values ('CAW','COMMERCIALE','CARTE AVANTAGE WEEKEND','49');
Insert into HR.TD_TRAIN_CARTE (CD_CARTE,TYPE_CARTE,DESC_CARTE,PRIX) values ('CF','FIDELITE','CARTE DE FIDELITE','0');


-- DDL for Table TD_TRAIN_CLIENT
--------------------------------------------------------

Insert into HR.TD_TRAIN_CLIENT (CD_EMAIL,LBL_EMAIL,NOM,PRENOM,DATE_DE_NAISSANCE,ADRESSE) values ('23456','faure.dupont@gmail.com','FAURE','Dupont',to_date('16/05/93','DD/MM/RR'),null);
Insert into HR.TD_TRAIN_CLIENT (CD_EMAIL,LBL_EMAIL,NOM,PRENOM,DATE_DE_NAISSANCE,ADRESSE) values ('23457','briche.arnaud@gmail.com','BRICHE','arnaud',to_date('17/08/90','DD/MM/RR'),null);
Insert into HR.TD_TRAIN_CLIENT (CD_EMAIL,LBL_EMAIL,NOM,PRENOM,DATE_DE_NAISSANCE,ADRESSE) values ('23458','lamaire.patrick@outlook.com','LAMAIRE','patrick',to_date('01/01/93','DD/MM/RR'),null);
Insert into HR.TD_TRAIN_CLIENT (CD_EMAIL,LBL_EMAIL,NOM,PRENOM,DATE_DE_NAISSANCE,ADRESSE) values ('23459','simon.Laura@yahoo.com','SIMON','Laura',to_date('19/08/92','DD/MM/RR'),null);
Insert into HR.TD_TRAIN_CLIENT (CD_EMAIL,LBL_EMAIL,NOM,PRENOM,DATE_DE_NAISSANCE,ADRESSE) values ('23460','emeric.fabrice@gmail.com','EMERIC','Fabrice',to_date('25/02/89','DD/MM/RR'),null);
Insert into HR.TD_TRAIN_CLIENT (CD_EMAIL,LBL_EMAIL,NOM,PRENOM,DATE_DE_NAISSANCE,ADRESSE) values ('23461','ketouche.delphine@gmail.com','KETOUCHE','delphine',to_date('30/03/80','DD/MM/RR'),null);
Insert into HR.TD_TRAIN_CLIENT (CD_EMAIL,LBL_EMAIL,NOM,PRENOM,DATE_DE_NAISSANCE,ADRESSE) values ('23462','ebbar.christine@outlook.com','EBBAR','christine',to_date('22/08/79','DD/MM/RR'),null);
Insert into HR.TD_TRAIN_CLIENT (CD_EMAIL,LBL_EMAIL,NOM,PRENOM,DATE_DE_NAISSANCE,ADRESSE) values ('23463','lefebure.duy@gmail.com','LEFEBURE','duy',to_date('16/05/93','DD/MM/RR'),null);
Insert into HR.TD_TRAIN_CLIENT (CD_EMAIL,LBL_EMAIL,NOM,PRENOM,DATE_DE_NAISSANCE,ADRESSE) values ('23464','gernigon.vergini@yahoo.com','GERNIGON','vergini',to_date('07/11/85','DD/MM/RR'),null);
Insert into HR.TD_TRAIN_CLIENT (CD_EMAIL,LBL_EMAIL,NOM,PRENOM,DATE_DE_NAISSANCE,ADRESSE) values ('23465','mahop.camille@gmail.com','MAHOP','camille',to_date('20/12/87','DD/MM/RR'),null);
Insert into HR.TD_TRAIN_CLIENT (CD_EMAIL,LBL_EMAIL,NOM,PRENOM,DATE_DE_NAISSANCE,ADRESSE) values ('23466','piot.aurélie@gmail.com','PIOT','aurélie',to_date('26/05/93','DD/MM/RR'),null);


SELECT * FROM HR.TD_TRAIN_CLIENT;

--  DDL for Table TD_TRAIN_PAYS
--------------------------------------------------------

Insert into HR.TD_TRAIN_PAYS (CODE_PAYS,NOM_PAYS) values ('FR','France');
Insert into HR.TD_TRAIN_PAYS (CODE_PAYS,NOM_PAYS) values ('LU','Luxembourg');
Insert into HR.TD_TRAIN_PAYS (CODE_PAYS,NOM_PAYS) values ('BE','Belgique');

--  DDL for Table TD_TYPE_TRAIN
--------------------------------------------------------

Insert into HR.TD_TYPE_TRAIN (CD_TRAIN,TYPE_TRAIN,NOMBRE_PLACE) values ('TG','TGV INOUI','600');
Insert into HR.TD_TYPE_TRAIN (CD_TRAIN,TYPE_TRAIN,NOMBRE_PLACE) values ('OUI','OUIGO','500');
Insert into HR.TD_TYPE_TRAIN (CD_TRAIN,TYPE_TRAIN,NOMBRE_PLACE) values ('TR','TER','250');
Insert into HR.TD_TYPE_TRAIN (CD_TRAIN,TYPE_TRAIN,NOMBRE_PLACE) values ('EUR','Eurostar','600');
Insert into HR.TD_TYPE_TRAIN (CD_TRAIN,TYPE_TRAIN,NOMBRE_PLACE) values ('THA','Thalys','400');
Insert into HR.TD_TYPE_TRAIN (CD_TRAIN,TYPE_TRAIN,NOMBRE_PLACE) values ('INT','Intercités','500');

--  DDL for Table TD_TRAIN_VILLE
--------------------------------------------------------

Insert into HR.TD_TRAIN_VILLE (CD_VOYAGE,VILLE_ORIGINE,VILLE_DESTINATAIRE) values ('11','PARIS','TOULOUSE');
Insert into HR.TD_TRAIN_VILLE (CD_VOYAGE,VILLE_ORIGINE,VILLE_DESTINATAIRE) values ('89','LYON','MARSEILLE');
Insert into HR.TD_TRAIN_VILLE (CD_VOYAGE,VILLE_ORIGINE,VILLE_DESTINATAIRE) values ('41','TOURS','PARIS');
Insert into HR.TD_TRAIN_VILLE (CD_VOYAGE,VILLE_ORIGINE,VILLE_DESTINATAIRE) values ('21','LILLE','PARIS');
Insert into HR.TD_TRAIN_VILLE (CD_VOYAGE,VILLE_ORIGINE,VILLE_DESTINATAIRE) values ('15','PARIS','Bordeaux');
Insert into HR.TD_TRAIN_VILLE (CD_VOYAGE,VILLE_ORIGINE,VILLE_DESTINATAIRE) values ('51','Bordeaux','PARIS');

--  DDL for Table TF_TRAIN_COMMANDE
--------------------------------------------------------

Insert into HR.TF_TRAIN_COMMANDE (CD_COMMANDE,CD_EMAIL,CD_TRAIN,CD_VOYAGE,CD_CARTE,QUANTITE,DATE_ACHAT,MONTANT,DATE_VOYAGE,CODE_PAYS) values ('1000','23456','TG','11','CAJ','1',to_date('03/11/21','DD/MM/RR'),'80',to_date('01/02/20','DD/MM/RR'),null);
Insert into HR.TF_TRAIN_COMMANDE (CD_COMMANDE,CD_EMAIL,CD_TRAIN,CD_VOYAGE,CD_CARTE,QUANTITE,DATE_ACHAT,MONTANT,DATE_VOYAGE,CODE_PAYS) values ('1001','23457','OUI','89','CAS','1',to_date('04/10/21','DD/MM/RR'),'10',to_date('02/02/20','DD/MM/RR'),null);
Insert into HR.TF_TRAIN_COMMANDE (CD_COMMANDE,CD_EMAIL,CD_TRAIN,CD_VOYAGE,CD_CARTE,QUANTITE,DATE_ACHAT,MONTANT,DATE_VOYAGE,CODE_PAYS) values ('1002','23458','TR','41','CAA','1',to_date('05/09/21','DD/MM/RR'),'55',to_date('03/02/20','DD/MM/RR'),null);
Insert into HR.TF_TRAIN_COMMANDE (CD_COMMANDE,CD_EMAIL,CD_TRAIN,CD_VOYAGE,CD_CARTE,QUANTITE,DATE_ACHAT,MONTANT,DATE_VOYAGE,CODE_PAYS) values ('1003','23459','EUR','21','CAW','1',to_date('06/08/21','DD/MM/RR'),'100',to_date('04/02/20','DD/MM/RR'),null);
Insert into HR.TF_TRAIN_COMMANDE (CD_COMMANDE,CD_EMAIL,CD_TRAIN,CD_VOYAGE,CD_CARTE,QUANTITE,DATE_ACHAT,MONTANT,DATE_VOYAGE,CODE_PAYS) values ('1004','23460','THA','15','CF','1',to_date('07/07/21','DD/MM/RR'),'98',to_date('05/02/20','DD/MM/RR'),null);
Insert into HR.TF_TRAIN_COMMANDE (CD_COMMANDE,CD_EMAIL,CD_TRAIN,CD_VOYAGE,CD_CARTE,QUANTITE,DATE_ACHAT,MONTANT,DATE_VOYAGE,CODE_PAYS) values ('1005','23461','INT','51','CAJ','1',to_date('08/06/21','DD/MM/RR'),'66',to_date('06/02/20','DD/MM/RR'),null);
Insert into HR.TF_TRAIN_COMMANDE (CD_COMMANDE,CD_EMAIL,CD_TRAIN,CD_VOYAGE,CD_CARTE,QUANTITE,DATE_ACHAT,MONTANT,DATE_VOYAGE,CODE_PAYS) values ('1006','23462','TG','11','CAS','1',to_date('09/02/21','DD/MM/RR'),'80',to_date('07/02/20','DD/MM/RR'),null);
Insert into HR.TF_TRAIN_COMMANDE (CD_COMMANDE,CD_EMAIL,CD_TRAIN,CD_VOYAGE,CD_CARTE,QUANTITE,DATE_ACHAT,MONTANT,DATE_VOYAGE,CODE_PAYS) values ('1007','23463','OUI','89','CAA','1',to_date('10/04/21','DD/MM/RR'),'10',to_date('08/02/20','DD/MM/RR'),null);
Insert into HR.TF_TRAIN_COMMANDE (CD_COMMANDE,CD_EMAIL,CD_TRAIN,CD_VOYAGE,CD_CARTE,QUANTITE,DATE_ACHAT,MONTANT,DATE_VOYAGE,CODE_PAYS) values ('1008','23464','TR','41','CAW','1',to_date('11/09/21','DD/MM/RR'),'55',to_date('09/02/20','DD/MM/RR'),null);
Insert into HR.TF_TRAIN_COMMANDE (CD_COMMANDE,CD_EMAIL,CD_TRAIN,CD_VOYAGE,CD_CARTE,QUANTITE,DATE_ACHAT,MONTANT,DATE_VOYAGE,CODE_PAYS) values ('1009','23465','EUR','21','CF','1',to_date('12/01/21','DD/MM/RR'),'100',to_date('10/02/20','DD/MM/RR'),null);
Insert into HR.TF_TRAIN_COMMANDE (CD_COMMANDE,CD_EMAIL,CD_TRAIN,CD_VOYAGE,CD_CARTE,QUANTITE,DATE_ACHAT,MONTANT,DATE_VOYAGE,CODE_PAYS) values ('1010','23466','THA','15','CAJ','1',to_date('13/06/21','DD/MM/RR'),'98',to_date('11/02/20','DD/MM/RR'),null);
Insert into HR.TF_TRAIN_COMMANDE (CD_COMMANDE,CD_EMAIL,CD_TRAIN,CD_VOYAGE,CD_CARTE,QUANTITE,DATE_ACHAT,MONTANT,DATE_VOYAGE,CODE_PAYS) values ('1011','23456','TG','51','CAS','1',to_date('14/06/21','DD/MM/RR'),'66',to_date('12/02/20','DD/MM/RR'),null);
Insert into HR.TF_TRAIN_COMMANDE (CD_COMMANDE,CD_EMAIL,CD_TRAIN,CD_VOYAGE,CD_CARTE,QUANTITE,DATE_ACHAT,MONTANT,DATE_VOYAGE,CODE_PAYS) values ('1012','23457','OUI','11','CAA','1',to_date('15/03/21','DD/MM/RR'),'80',to_date('13/02/20','DD/MM/RR'),null);
Insert into HR.TF_TRAIN_COMMANDE (CD_COMMANDE,CD_EMAIL,CD_TRAIN,CD_VOYAGE,CD_CARTE,QUANTITE,DATE_ACHAT,MONTANT,DATE_VOYAGE,CODE_PAYS) values ('1013','23458','TR','89','CAW','1',to_date('16/05/21','DD/MM/RR'),'10',to_date('14/02/20','DD/MM/RR'),null);


COMMIT;

------------------------------------------- Questions ----------------------------------------------

-- Questions création de table et insertion des données :
-- 1. Créer les tables dans le schéma de votre base de donnée en respectant le lien de
-- clés primaires et étrangères.
-- 2. Insérer les données dans les tables (en utilisant les scripts .sql)
-- 2. Questions SQL :

-- Question 1. Affichez les commandes et les CD_EMAIL dont le montant d’achat est nettement
-- supérieur à 80.00 euros.

SELECT CD_COMMANDE, CD_EMAIL, MONTANT
FROM HR.TF_TRAIN_COMMANDE
WHERE MONTANT > 80.00;


-- Question 2. Affichez les adresses mail avec les cd_commande dont la date de voyage est
-- inférieure au 10/02/2020.

SELECT 
    TC.LBL_EMAIL, 
    TCOM.CD_COMMANDE 
FROM 
    HR.TD_TRAIN_CLIENT AS TC
JOIN 
    HR.TF_TRAIN_COMMANDE AS TCOM 
ON TCOM.CD_EMAIL = TC.CD_EMAIL
WHERE 
    TCOM.DATE_VOYAGE < TO_DATE('10/02/2020', 'DD/MM/YYYY');

-- Question 3. Calculez les doublons de cd_email de la table TF_TRAIN_COMMANDE.

SELECT 
    CD_EMAIL, 
    COUNT(*) AS Nombre_Doublons 
FROM 
    HR.TF_TRAIN_COMMANDE 
GROUP BY 
    CD_EMAIL 
HAVING 
    COUNT(*) > 1;


-- Question 4. Affichez les cd_email qui ont effectué au moins deux commandes.

SELECT
    CD_EMAIL
FROM 
    HR.TF_TRAIN_COMMANDE 
GROUP BY
    CD_EMAIL
HAVING
    COUNT(*) > 1;

-- Question 5. Sélectionnez les noms et les adresses mail des voyageurs qui ont effectué le trajet
-- Lyon<=>Marseille. f. Affichez le descriptif de la carte le type des train des
-- cd_commande de la tables tf_train_commande.

SELECT 
    TC.NOM,
    TC.LBL_EMAIL,
    TCA.DESC_CARTE,
    TT.TYPE_TRAIN
FROM 
    HR.TF_TRAIN_COMMANDE AS TCOM
JOIN 
    HR.TD_TRAIN_CLIENT AS TC ON TCOM.CD_EMAIL = TC.CD_EMAIL
JOIN 
    HR.TD_TRAIN_VILLE AS TV ON TCOM.CD_VOYAGE = TV.CD_VOYAGE
JOIN 
    HR.TD_TRAIN_CARTE AS TCA ON TCOM.CD_CARTE = TCA.CD_CARTE
JOIN 
    HR.TD_TYPE_TRAIN AS TT ON TCOM.CD_TRAIN = TT.CD_TRAIN
WHERE 
    (TV.VILLE_ORIGINE = 'LYON' AND TV.VILLE_DESTINATAIRE = 'MARSEILLE')
    OR (TV.VILLE_ORIGINE = 'MARSEILLE' AND TV.VILLE_DESTINATAIRE = 'LYON');


-- Question 6. Sélectionnez les noms, prénoms, adresse mail et les types de carte des personnes
-- qui ont effectué les deux trajets : PARIS<=>TOULOUSE et Bordeaux<=>PARIS.

SELECT 
    TC.NOM,
    TC.PRENOM,
    TC.LBL_EMAIL,
    TCA.TYPE_CARTE
FROM 
    HR.TF_TRAIN_COMMANDE AS TCOM
JOIN 
    HR.TD_TRAIN_CLIENT AS TC ON TCOM.CD_EMAIL = TC.CD_EMAIL
JOIN 
    HR.TD_TRAIN_VILLE AS TV ON TCOM.CD_VOYAGE = TV.CD_VOYAGE
JOIN 
    HR.TD_TRAIN_CARTE AS TCA ON TCOM.CD_CARTE = TCA.CD_CARTE
WHERE 
    (TV.VILLE_ORIGINE = 'PARIS' AND TV.VILLE_DESTINATAIRE = 'TOULOUSE')
    OR (TV.VILLE_ORIGINE = 'TOULOUSE' AND TV.VILLE_DESTINATAIRE = 'PARIS')
    OR (TV.VILLE_ORIGINE = 'BORDEAUX' AND TV.VILLE_DESTINATAIRE = 'PARIS')
    OR (TV.VILLE_ORIGINE = 'PARIS' AND TV.VILLE_DESTINATAIRE = 'BORDEAUX')
GROUP BY 
    TC.NOM,
    TC.PRENOM,
    TC.LBL_EMAIL,
    TCA.TYPE_CARTE
HAVING 
    COUNT(DISTINCT CASE 
        WHEN (TV.VILLE_ORIGINE = 'PARIS' AND TV.VILLE_DESTINATAIRE = 'TOULOUSE')
             OR (TV.VILLE_ORIGINE = 'TOULOUSE' AND TV.VILLE_DESTINATAIRE = 'PARIS')
        THEN 'PARIS-TOULOUSE'
        WHEN (TV.VILLE_ORIGINE = 'BORDEAUX' AND TV.VILLE_DESTINATAIRE = 'PARIS')
             OR (TV.VILLE_ORIGINE = 'PARIS' AND TV.VILLE_DESTINATAIRE = 'BORDEAUX')
        THEN 'BORDEAUX-PARIS'
    END) = 2;

-- Question 7: Trouvez les clients (nom et email) qui ont utilisé une carte de fidélité au moins trois fois.

SELECT 
    TC.NOM, 
    TC.LBL_EMAIL, 
    COUNT(TCOM.CD_COMMANDE) AS nb_commandes
FROM 
    HR.TF_TRAIN_COMMANDE AS TCOM
JOIN 
    HR.TD_TRAIN_CLIENT AS TC ON TCOM.CD_EMAIL = TC.CD_EMAIL
JOIN 
    HR.TD_TRAIN_CARTE AS TCA ON TCOM.CD_CARTE = TCA.CD_CARTE
GROUP BY 
    TC.NOM, 
    TC.LBL_EMAIL
HAVING 
    COUNT(TCOM.CD_COMMANDE) >= 3;

-- Question 8: Affichez les clients qui ont dépensé plus de 300 euros au total sur l'ensemble de leurs commandes.

SELECT 
    TC.NOM, 
    TC.LBL_EMAIL, 
    SUM(TCOM.MONTANT) AS montant_total
FROM 
    HR.TF_TRAIN_COMMANDE AS TCOM
JOIN 
    HR.TD_TRAIN_CLIENT AS TC ON TCOM.CD_EMAIL = TC.CD_EMAIL
GROUP BY 
    TC.NOM, 
    TC.LBL_EMAIL
HAVING 
    SUM(TCOM.MONTANT) > 300;

-- Question 9: Affichez les informations sur les commandes (cd_commande, montant, email) pour les clients 
-- qui ont voyagé uniquement entre Paris et Marseille.

SELECT 
    TCOM.CD_COMMANDE, 
    TCOM.MONTANT, 
    TC.LBL_EMAIL
FROM 
    HR.TF_TRAIN_COMMANDE AS TCOM
JOIN 
    HR.TD_TRAIN_VILLE AS TV ON TCOM.CD_VOYAGE = TV.CD_VOYAGE
JOIN 
    HR.TD_TRAIN_CLIENT AS TC ON TCOM.CD_EMAIL = TC.CD_EMAIL
WHERE 
    (TV.VILLE_ORIGINE = 'PARIS' AND TV.VILLE_DESTINATAIRE = 'MARSEILLE')
    OR (TV.VILLE_ORIGINE = 'MARSEILLE' AND TV.VILLE_DESTINATAIRE = 'PARIS');

-- Question 10: Affichez le nom, l'email, et la date de voyage des clients ayant effectué un voyage dans les 6 derniers mois.

SELECT 
    TC.NOM, 
    TC.LBL_EMAIL, 
    TCOM.DATE_VOYAGE
FROM 
    HR.TF_TRAIN_COMMANDE AS TCOM
JOIN 
    HR.TD_TRAIN_CLIENT AS TC ON TCOM.CD_EMAIL = TC.CD_EMAIL
WHERE 
    TCOM.DATE_VOYAGE >= ADD_MONTHS(SYSDATE, -6);

-- Question 11: Affichez les informations (nom, email) des clients qui n'ont jamais effectué de commande.

SELECT 
    NOM, 
    LBL_EMAIL
FROM 
    HR.TD_TRAIN_CLIENT
WHERE 
    CD_EMAIL NOT IN (SELECT CD_EMAIL FROM HR.TF_TRAIN_COMMANDE);


-- Question 12: Trouvez les trajets les plus populaires (les trajets les plus effectués) et affichez-les avec leur nombre d'occurrences.

SELECT 
    TV.VILLE_ORIGINE, 
    TV.VILLE_DESTINATAIRE, 
    COUNT(TCOM.CD_COMMANDE) AS nb_commandes
FROM 
    HR.TF_TRAIN_COMMANDE AS TCOM
JOIN 
    HR.TD_TRAIN_VILLE AS TV ON TCOM.CD_VOYAGE = TV.CD_VOYAGE
GROUP BY 
    TV.VILLE_ORIGINE, 
    TV.VILLE_DESTINATAIRE
ORDER BY 
    nb_commandes DESC;


-- Question 13: Mettez à jour le montant de la commande en ajoutant une remise de 10 % pour tous les clients ayant une carte de fidélité premium.

UPDATE 
    HR.TF_TRAIN_COMMANDE AS TCOM
SET 
    TCOM.MONTANT = TCOM.MONTANT * 0.9
WHERE 
    TCOM.CD_CARTE IN (
        SELECT CD_CARTE 
        FROM HR.TD_TRAIN_CARTE 
        WHERE TYPE_CARTE = 'Premium'
    );

-- Question 14: Supprimez toutes les commandes annulées avant une certaine date (par exemple, avant le 1er janvier 2023).

DELETE FROM 
    HR.TF_TRAIN_COMMANDE
WHERE 
    DATE_ANNULATION < TO_DATE('2023-01-01', 'YYYY-MM-DD');


-- Question 15: Pour chaque client, affichez son nom, son email et le montant total de ses commandes ainsi que le rang de chaque commande en fonction de la date de commande (par client).

SELECT 
    TC.NOM, 
    TC.LBL_EMAIL, 
    TCOM.MONTANT, 
    RANK() OVER (PARTITION BY TC.CD_EMAIL ORDER BY TCOM.DATE_COMMANDE) AS rang_commande
FROM 
    HR.TF_TRAIN_COMMANDE AS TCOM
JOIN 
    HR.TD_TRAIN_CLIENT AS TC ON TCOM.CD_EMAIL = TC.CD_EMAIL;


-- Question 16: Affichez les informations (nom, email) des clients qui ont dépensé plus que la moyenne des montants de commandes de tous les clients.

SELECT 
    TC.NOM, 
    TC.LBL_EMAIL
FROM 
    HR.TD_TRAIN_CLIENT AS TC
JOIN 
    HR.TF_TRAIN_COMMANDE AS TCOM ON TC.CD_EMAIL = TCOM.CD_EMAIL
GROUP BY 
    TC.NOM, 
    TC.LBL_EMAIL
HAVING 
    SUM(TCOM.MONTANT) > (SELECT AVG(MONTANT) FROM HR.TF_TRAIN_COMMANDE);


-- Question 17:Affichez les noms et emails des clients qui ont dépensé plus de 100 euros dans une seule commande.

SELECT TC.NOM, TC.LBL_EMAIL
FROM HR.TF_TRAIN_COMMANDE AS TCOM
JOIN HR.TD_TRAIN_CLIENT AS TC ON TCOM.CD_EMAIL = TC.CD_EMAIL
WHERE TCOM.MONTANT > 100;


-- Question 18: Affichez les commandes effectuées après le 1er juin 2023.

SELECT CD_COMMANDE, DATE_COMMANDE
FROM HR.TF_TRAIN_COMMANDE
WHERE DATE_COMMANDE > '2023-06-01';

-- Question 19:Affichez les trajets entre Paris et Lyon effectués par des clients ayant un email se terminant par @gmail.com.

SELECT TC.NOM, TC.LBL_EMAIL, V.VILLE_ORIGINE, V.VILLE_DESTINATAIRE
FROM HR.TF_TRAIN_COMMANDE AS TCOM
JOIN HR.TD_TRAIN_CLIENT AS TC ON TCOM.CD_EMAIL = TC.CD_EMAIL
JOIN HR.TD_TRAIN_VILLE AS V ON TCOM.CD_VOYAGE = V.CD_VOYAGE
WHERE (V.VILLE_ORIGINE = 'PARIS' AND V.VILLE_DESTINATAIRE = 'LYON')
  AND TC.LBL_EMAIL LIKE '%@gmail.com';

-- Question 20:Affichez les clients qui n'ont effectué aucune commande depuis le 1er janvier 2024.

SELECT TC.NOM, TC.LBL_EMAIL
FROM HR.TD_TRAIN_CLIENT AS TC
WHERE NOT EXISTS (
    SELECT 1
    FROM HR.TF_TRAIN_COMMANDE AS TCOM
    WHERE TCOM.CD_EMAIL = TC.CD_EMAIL
    AND TCOM.DATE_COMMANDE >= '2024-01-01'
);

-- Question 21:Affichez les commandes dont le montant est compris entre 50 et 150 euros.

SELECT CD_COMMANDE, MONTANT
FROM HR.TF_TRAIN_COMMANDE
WHERE MONTANT BETWEEN 50 AND 150;

-- Question 22:Affichez les clients ayant un prénom commençant par "J" et ayant effectué au moins une commande.

SELECT TC.NOM, TC.PRENOM, TC.LBL_EMAIL
FROM HR.TD_TRAIN_CLIENT AS TC
WHERE TC.PRENOM LIKE 'J%'
  AND EXISTS (
    SELECT 1
    FROM HR.TF_TRAIN_COMMANDE AS TCOM
    WHERE TCOM.CD_EMAIL = TC.CD_EMAIL
);

-- Question 23:Affichez les types de cartes utilisées par les clients pour les voyages entre Bordeaux et Toulouse.

SELECT DISTINCT TCA.DESC_CARTE
FROM HR.TF_TRAIN_COMMANDE AS TCOM
JOIN HR.TD_TRAIN_VILLE AS V ON TCOM.CD_VOYAGE = V.CD_VOYAGE
JOIN HR.TD_TRAIN_CARTE AS TCA ON TCOM.CD_CARTE = TCA.CD_CARTE
WHERE (V.VILLE_ORIGINE = 'BORDEAUX' AND V.VILLE_DESTINATAIRE = 'TOULOUSE')
   OR (V.VILLE_ORIGINE = 'TOULOUSE' AND V.VILLE_DESTINATAIRE = 'BORDEAUX');

-- Question 24:Affichez la liste des villes de départ et d'arrivée des trajets effectués par des clients avec une carte de fidélité.

SELECT DISTINCT V.VILLE_ORIGINE, V.VILLE_DESTINATAIRE
FROM HR.TF_TRAIN_COMMANDE AS TCOM
JOIN HR.TD_TRAIN_VILLE AS V ON TCOM.CD_VOYAGE = V.CD_VOYAGE
JOIN HR.TD_TRAIN_CARTE AS TCA ON TCOM.CD_CARTE = TCA.CD_CARTE
WHERE TCA.TYPE_CARTE = 'FIDELITE';

-- Question 25:Affichez les commandes annulées entre le 1er janvier 2023 et le 1er juin 2023.

SELECT CD_COMMANDE, DATE_COMMANDE, MONTANT
FROM HR.TF_TRAIN_COMMANDE
WHERE STATUS = 'ANNULEE'
  AND DATE_COMMANDE BETWEEN '2023-01-01' AND '2023-06-01';

-- Question 26:Affichez tous les clients qui ont utilisé plus d'une carte de fidélité.

SELECT TC.NOM, TC.LBL_EMAIL
FROM HR.TD_TRAIN_CLIENT AS TC
JOIN HR.TF_TRAIN_COMMANDE AS TCOM ON TC.CD_EMAIL = TCOM.CD_EMAIL
JOIN HR.TD_TRAIN_CARTE AS TCA ON TCOM.CD_CARTE = TCA.CD_CARTE
WHERE TCA.TYPE_CARTE = 'FIDELITE'
GROUP BY TC.NOM, TC.LBL_EMAIL
HAVING COUNT(DISTINCT TCOM.CD_CARTE) > 1;

-- Question 27:Affichez le montant total dépensé par chaque client.

SELECT TC.NOM, TC.LBL_EMAIL, SUM(TCOM.MONTANT) AS TOTAL_DEPENSE
FROM HR.TF_TRAIN_COMMANDE AS TCOM
JOIN HR.TD_TRAIN_CLIENT AS TC ON TCOM.CD_EMAIL = TC.CD_EMAIL
GROUP BY TC.NOM, TC.LBL_EMAIL;

-- Question 28:Affichez la moyenne des montants de commandes pour chaque client.

SELECT TC.NOM, TC.LBL_EMAIL, AVG(TCOM.MONTANT) AS MOYENNE_MONTANT
FROM HR.TF_TRAIN_COMMANDE AS TCOM
JOIN HR.TD_TRAIN_CLIENT AS TC ON TCOM.CD_EMAIL = TC.CD_EMAIL
GROUP BY TC.NOM, TC.LBL_EMAIL;

-- Question 29:Affichez les clients ayant effectué plus de 5 commandes.

SELECT TC.NOM, TC.LBL_EMAIL
FROM HR.TF_TRAIN_COMMANDE AS TCOM
JOIN HR.TD_TRAIN_CLIENT AS TC ON TCOM.CD_EMAIL = TC.CD_EMAIL
GROUP BY TC.NOM, TC.LBL_EMAIL
HAVING COUNT(TCOM.CD_COMMANDE) > 5;

-- Question 30:Affichez le nombre total de trajets effectués entre Paris et Marseille.

SELECT COUNT(*) AS TOTAL_TRAJETS
FROM HR.TF_TRAIN_COMMANDE AS TCOM
JOIN HR.TD_TRAIN_VILLE AS V ON TCOM.CD_VOYAGE = V.CD_VOYAGE
WHERE (V.VILLE_ORIGINE = 'PARIS' AND V.VILLE_DESTINATAIRE = 'MARSEILLE')
   OR (V.VILLE_ORIGINE = 'MARSEILLE' AND V.VILLE_DESTINATAIRE = 'PARIS');

-- Question 31:Affichez la commande la plus récente pour chaque client.

SELECT TC.NOM, TC.LBL_EMAIL, MAX(TCOM.DATE_COMMANDE) AS DERNIERE_COMMANDE
FROM HR.TF_TRAIN_COMMANDE AS TCOM
JOIN HR.TD_TRAIN_CLIENT AS TC ON TCOM.CD_EMAIL = TC.CD_EMAIL
GROUP BY TC.NOM, TC.LBL_EMAIL;

-- Question 32:Affichez la somme des montants dépensés par chaque client pour des voyages entre Lyon et Nice.

SELECT TC.NOM, TC.LBL_EMAIL, SUM(TCOM.MONTANT) AS TOTAL_DEPENSE
FROM HR.TF_TRAIN_COMMANDE AS TCOM
JOIN HR.TD_TRAIN_CLIENT AS TC ON TCOM.CD_EMAIL = TC.CD_EMAIL
JOIN HR.TD_TRAIN_VILLE AS V ON TCOM.CD_VOYAGE = V.CD_VOYAGE
WHERE (V.VILLE_ORIGINE = 'LYON' AND V.VILLE_DESTINATAIRE = 'NICE')
   OR (V.VILLE_ORIGINE = 'NICE' AND V.VILLE_DESTINATAIRE = 'LYON')
GROUP BY TC.NOM, TC.LBL_EMAIL;

-- Question 33:Affichez les clients dont le montant total des commandes dépasse la moyenne des commandes.

WITH TotalCommandes AS (
    SELECT TC.NOM, TC.LBL_EMAIL, SUM(TCOM.MONTANT) AS TOTAL_DEPENSE
    FROM HR.TF_TRAIN_COMMANDE AS TCOM
    JOIN HR.TD_TRAIN_CLIENT AS TC ON TCOM.CD_EMAIL = TC.CD_EMAIL
    GROUP BY TC.NOM, TC.LBL_EMAIL
),
MoyenneCommandes AS (
    SELECT AVG(MONTANT) AS MOYENNE_MONTANT
    FROM HR.TF_TRAIN_COMMANDE
)
SELECT T.NOM, T.LBL_EMAIL
FROM TotalCommandes AS T, MoyenneCommandes AS M
WHERE T.TOTAL_DEPENSE > M.MOYENNE_MONTANT;


-- Question 34:Affichez le montant total des commandes annulées pour chaque client.

SELECT TC.NOM, TC.LBL_EMAIL, SUM(TCOM.MONTANT) AS TOTAL_ANNULE
FROM HR.TF_TRAIN_COMMANDE AS TCOM
JOIN HR.TD_TRAIN_CLIENT AS TC ON TCOM.CD_EMAIL = TC.CD_EMAIL
WHERE TCOM.STATUS = 'ANNULEE'
GROUP BY TC.NOM, TC.LBL_EMAIL;

-- Question 35:Affichez la moyenne des montants de commandes pour chaque ville de départ.

SELECT V.VILLE_ORIGINE, AVG(TCOM.MONTANT) AS MOYENNE_MONTANT
FROM HR.TF_TRAIN_COMMANDE AS TCOM
JOIN HR.TD_TRAIN_VILLE AS V ON TCOM.CD_VOYAGE = V.CD_VOYAGE
GROUP BY V.VILLE_ORIGINE;

-- Question 36:Affichez le client ayant effectué le plus de trajets.

SELECT TC.NOM, TC.LBL_EMAIL, COUNT(TCOM.CD_VOYAGE) AS NOMBRE_TRAJETS
FROM HR.TF_TRAIN_COMMANDE AS TCOM
JOIN HR.TD_TRAIN_CLIENT AS TC ON TCOM.CD_EMAIL = TC.CD_EMAIL
GROUP BY TC.NOM, TC.LBL_EMAIL
ORDER BY NOMBRE_TRAJETS DESC
LIMIT 1;

-- Question 37:Affichez les clients qui ont effectué un trajet que personne d'autre n'a effectué.

SELECT DISTINCT TC.NOM, TC.LBL_EMAIL
FROM HR.TD_TRAIN_CLIENT AS TC
WHERE EXISTS (
    SELECT 1
    FROM HR.TF_TRAIN_COMMANDE AS TCOM
    JOIN HR.TD_TRAIN_VILLE AS V ON TCOM.CD_VOYAGE = V.CD_VOYAGE
    WHERE TCOM.CD_EMAIL = TC.CD_EMAIL
    AND NOT EXISTS (
        SELECT 1
        FROM HR.TF_TRAIN_COMMANDE AS TCOM2
        WHERE TCOM2.CD_VOYAGE = TCOM.CD_VOYAGE
        AND TCOM2.CD_EMAIL <> TC.CD_EMAIL
    )
);

-- Question 38:Affichez les commandes dont le montant est supérieur à la moyenne des commandes.

SELECT CD_COMMANDE, MONTANT
FROM HR.TF_TRAIN_COMMANDE
WHERE MONTANT > (SELECT AVG(MONTANT) FROM HR.TF_TRAIN_COMMANDE);

-- Question 39:Affichez les clients qui ont dépensé plus que la somme totale des commandes du client "Dupont".

WITH TotalDupont AS (
    SELECT SUM(MONTANT) AS TOTAL_DUPONT
    FROM HR.TF_TRAIN_COMMANDE AS TCOM
    JOIN HR.TD_TRAIN_CLIENT AS TC ON TCOM.CD_EMAIL = TC.CD_EMAIL
    WHERE TC.NOM = 'Dupont'
)
SELECT TC.NOM, TC.LBL_EMAIL, SUM(TCOM.MONTANT) AS TOTAL_DEPENSE
FROM HR.TF_TRAIN_COMMANDE AS TCOM
JOIN HR.TD_TRAIN_CLIENT AS TC ON TCOM.CD_EMAIL = TC.CD_EMAIL
GROUP BY TC.NOM, TC.LBL_EMAIL
HAVING SUM(TCOM.MONTANT) > (SELECT TOTAL_DUPONT FROM TotalDupont);

-- Question 40:Affichez les villes de départ pour lesquelles il y a au moins 10 trajets.

SELECT V.VILLE_ORIGINE, COUNT(*) AS NOMBRE_TRAJETS
FROM HR.TF_TRAIN_COMMANDE AS TCOM
JOIN HR.TD_TRAIN_VILLE AS V ON TCOM.CD_VOYAGE = V.CD_VOYAGE
GROUP BY V.VILLE_ORIGINE
HAVING COUNT(*) >= 10;

-- Question 41:Affichez les clients ayant dépensé plus de 500 euros pour des trajets entre Paris et Toulouse.

SELECT TC.NOM, TC.LBL_EMAIL, SUM(TCOM.MONTANT) AS TOTAL_DEPENSE
FROM HR.TF_TRAIN_COMMANDE AS TCOM
JOIN HR.TD_TRAIN_CLIENT AS TC ON TCOM.CD_EMAIL = TC.CD_EMAIL
JOIN HR.TD_TRAIN_VILLE AS V ON TCOM.CD_VOYAGE = V.CD_VOYAGE
WHERE (V.VILLE_ORIGINE = 'PARIS' AND V.VILLE_DESTINATAIRE = 'TOULOUSE')
   OR (V.VILLE_ORIGINE = 'TOULOUSE' AND V.VILLE_DESTINATAIRE = 'PARIS')
GROUP BY TC.NOM, TC.LBL_EMAIL
HAVING SUM(TCOM.MONTANT) > 500;

-- Question 42:Affichez les villes de départ et d'arrivée pour lesquelles la distance moyenne des trajets est supérieure à la distance moyenne globale des trajets.

WITH MoyenneGlobale AS (
    SELECT AVG(V.DISTANCE) AS MOYENNE_DISTANCE
    FROM HR.TD_TRAIN_VILLE AS V
)
SELECT V.VILLE_ORIGINE, V.VILLE_DESTINATAIRE, AVG(V.DISTANCE) AS MOYENNE_TRAJET
FROM HR.TD_TRAIN_VILLE AS V
GROUP BY V.VILLE_ORIGINE, V.VILLE_DESTINATAIRE
HAVING AVG(V.DISTANCE) > (SELECT MOYENNE_DISTANCE FROM MoyenneGlobale);

-- Question 43:Affichez les commandes dont le montant est supérieur au montant maximum dépensé pour une commande annulée.

SELECT CD_COMMANDE, MONTANT
FROM HR.TF_TRAIN_COMMANDE
WHERE MONTANT > (SELECT MAX(MONTANT) FROM HR.TF_TRAIN_COMMANDE WHERE STATUS = 'ANNULEE');

-- Question 44:Affichez les trajets effectués uniquement par les clients ayant plus de deux cartes de fidélité.

SELECT V.VILLE_ORIGINE, V.VILLE_DESTINATAIRE
FROM HR.TF_TRAIN_COMMANDE AS TCOM
JOIN HR.TD_TRAIN_CLIENT AS TC ON TCOM.CD_EMAIL = TC.CD_EMAIL
JOIN HR.TD_TRAIN_VILLE AS V ON TCOM.CD_VOYAGE = V.CD_VOYAGE
WHERE TC.CD_EMAIL IN (
    SELECT CD_EMAIL
    FROM HR.TF_TRAIN_COMMANDE
    WHERE CD_CARTE IN (SELECT CD_CARTE FROM HR.TD_TRAIN_CARTE WHERE TYPE_CARTE = 'FIDELITE')
    GROUP BY CD_EMAIL
    HAVING COUNT(DISTINCT CD_CARTE) > 2
);

-- Question 45:Affichez les commandes effectuées après la date de la commande la plus récente de "Jean Martin".

SELECT CD_COMMANDE, DATE_COMMANDE, MONTANT
FROM HR.TF_TRAIN_COMMANDE
WHERE DATE_COMMANDE > (
    SELECT MAX(DATE_COMMANDE)
    FROM HR.TF_TRAIN_COMMANDE AS TCOM
    JOIN HR.TD_TRAIN_CLIENT AS TC ON TCOM.CD_EMAIL = TC.CD_EMAIL
    WHERE TC.NOM = 'Martin' AND TC.PRENOM = 'Jean'
);

-- Question 46:Affichez les clients qui n'ont effectué que des trajets en première classe.

SELECT TC.NOM, TC.LBL_EMAIL
FROM HR.TD_TRAIN_CLIENT AS TC
WHERE NOT EXISTS (
    SELECT 1
    FROM HR.TF_TRAIN_COMMANDE AS TCOM
    WHERE TCOM.CD_EMAIL = TC.CD_EMAIL
    AND TCOM.CLASSE != 'PREMIERE'
);

-- Question 47:Affichez les noms et adresses email des clients ayant effectué un trajet entre Paris et Bordeaux, ainsi que le montant de leur commande.

SELECT TC.NOM, TC.LBL_EMAIL, TCOM.MONTANT
FROM HR.TF_TRAIN_COMMANDE AS TCOM
JOIN HR.TD_TRAIN_CLIENT AS TC ON TCOM.CD_EMAIL = TC.CD_EMAIL
JOIN HR.TD_TRAIN_VILLE AS V ON TCOM.CD_VOYAGE = V.CD_VOYAGE
WHERE (V.VILLE_ORIGINE = 'PARIS' AND V.VILLE_DESTINATAIRE = 'BORDEAUX')
   OR (V.VILLE_ORIGINE = 'BORDEAUX' AND V.VILLE_DESTINATAIRE = 'PARIS');

-- Question 48:Affichez les types de cartes utilisées par les clients ayant dépensé plus de 200 euros dans une commande.

SELECT DISTINCT TCA.DESC_CARTE
FROM HR.TF_TRAIN_COMMANDE AS TCOM
JOIN HR.TD_TRAIN_CARTE AS TCA ON TCOM.CD_CARTE = TCA.CD_CARTE
WHERE TCOM.MONTANT > 200;

-- Question 49:Affichez les noms des clients et les villes d'origine et de destination des trajets qu'ils ont effectués.

SELECT TC.NOM, V.VILLE_ORIGINE, V.VILLE_DESTINATAIRE
FROM HR.TF_TRAIN_COMMANDE AS TCOM
JOIN HR.TD_TRAIN_CLIENT AS TC ON TCOM.CD_EMAIL = TC.CD_EMAIL
JOIN HR.TD_TRAIN_VILLE AS V ON TCOM.CD_VOYAGE = V.CD_VOYAGE;

-- Question 50:Affichez les types de trains utilisés pour les trajets entre Lyon et Marseille.

SELECT DISTINCT TT.TYPE_TRAIN
FROM HR.TF_TRAIN_COMMANDE AS TCOM
JOIN HR.TD_TRAIN_VILLE AS V ON TCOM.CD_VOYAGE = V.CD_VOYAGE
JOIN HR.TD_TYPE_TRAIN AS TT ON TCOM.CD_TRAIN = TT.CD_TRAIN
WHERE (V.VILLE_ORIGINE = 'LYON' AND V.VILLE_DESTINATAIRE = 'MARSEILLE')
   OR (V.VILLE_ORIGINE = 'MARSEILLE' AND V.VILLE_DESTINATAIRE = 'LYON');

-- Question 51:Affichez le nom, l'email et le type de carte des clients ayant effectué des trajets entre Paris et Lyon avec une carte Premium.

SELECT TC.NOM, TC.LBL_EMAIL, TCA.DESC_CARTE
FROM HR.TF_TRAIN_COMMANDE AS TCOM
JOIN HR.TD_TRAIN_CLIENT AS TC ON TCOM.CD_EMAIL = TC.CD_EMAIL
JOIN HR.TD_TRAIN_VILLE AS V ON TCOM.CD_VOYAGE = V.CD_VOYAGE
JOIN HR.TD_TRAIN_CARTE AS TCA ON TCOM.CD_CARTE = TCA.CD_CARTE
WHERE (V.VILLE_ORIGINE = 'PARIS' AND V.VILLE_DESTINATAIRE = 'LYON')
   OR (V.VILLE_ORIGINE = 'LYON' AND V.VILLE_DESTINATAIRE = 'PARIS')
AND TCA.TYPE_CARTE = 'PREMIUM';

-- Question 52:Affichez les informations des trajets et des clients ayant utilisé une carte de fidélité et ayant dépensé plus de 100 euros pour un trajet.

SELECT TC.NOM, TC.LBL_EMAIL, V.VILLE_ORIGINE, V.VILLE_DESTINATAIRE, TCOM.MONTANT
FROM HR.TF_TRAIN_COMMANDE AS TCOM
JOIN HR.TD_TRAIN_CLIENT AS TC ON TCOM.CD_EMAIL = TC.CD_EMAIL
JOIN HR.TD_TRAIN_VILLE AS V ON TCOM.CD_VOYAGE = V.CD_VOYAGE
JOIN HR.TD_TRAIN_CARTE AS TCA ON TCOM.CD_CARTE = TCA.CD_CARTE
WHERE TCA.TYPE_CARTE = 'FIDELITE' AND TCOM.MONTANT > 100;

-- Question 53:Affichez les noms des clients ayant effectué plus de 2 trajets avec un même type de carte.

SELECT TC.NOM, TCA.DESC_CARTE, COUNT(*) AS NOMBRE_TRAJETS
FROM HR.TF_TRAIN_COMMANDE AS TCOM
JOIN HR.TD_TRAIN_CLIENT AS TC ON TCOM.CD_EMAIL = TC.CD_EMAIL
JOIN HR.TD_TRAIN_CARTE AS TCA ON TCOM.CD_CARTE = TCA.CD_CARTE
GROUP BY TC.NOM, TCA.DESC_CARTE
HAVING COUNT(*) > 2;

-- Question 54:Affichez les clients ayant utilisé plusieurs types de cartes pour des trajets entre Paris et Lyon.

SELECT TC.NOM, COUNT(DISTINCT TCA.TYPE_CARTE) AS NOMBRE_CARTES
FROM HR.TF_TRAIN_COMMANDE AS TCOM
JOIN HR.TD_TRAIN_CLIENT AS TC ON TCOM.CD_EMAIL = TC.CD_EMAIL
JOIN HR.TD_TRAIN_CARTE AS TCA ON TCOM.CD_CARTE = TCA.CD_CARTE
JOIN HR.TD_TRAIN_VILLE AS V ON TCOM.CD_VOYAGE = V.CD_VOYAGE
WHERE (V.VILLE_ORIGINE = 'PARIS' AND V.VILLE_DESTINATAIRE = 'LYON')
   OR (V.VILLE_ORIGINE = 'LYON' AND V.VILLE_DESTINATAIRE = 'PARIS')
GROUP BY TC.NOM
HAVING COUNT(DISTINCT TCA.TYPE_CARTE) > 1;

-- Question 55:Affichez les trajets effectués par les clients ayant utilisé des cartes Premium et ayant dépensé plus de 150 euros.

SELECT V.VILLE_ORIGINE, V.VILLE_DESTINATAIRE, TCOM.MONTANT
FROM HR.TF_TRAIN_COMMANDE AS TCOM
JOIN HR.TD_TRAIN_VILLE AS V ON TCOM.CD_VOYAGE = V.CD_VOYAGE
JOIN HR.TD_TRAIN_CARTE AS TCA ON TCOM.CD_CARTE = TCA.CD_CARTE
WHERE TCA.TYPE_CARTE = 'PREMIUM' AND TCOM.MONTANT > 150;

-- Question 56:Affichez les types de trains utilisés par les clients ayant effectué un trajet entre Marseille et Toulouse.

SELECT DISTINCT TT.TYPE_TRAIN
FROM HR.TF_TRAIN_COMMANDE AS TCOM
JOIN HR.TD_TRAIN_VILLE AS V ON TCOM.CD_VOYAGE = V.CD_VOYAGE
JOIN HR.TD_TYPE_TRAIN AS TT ON TCOM.CD_TRAIN = TT.CD_TRAIN
WHERE (V.VILLE_ORIGINE = 'MARSEILLE' AND V.VILLE_DESTINATAIRE = 'TOULOUSE')
   OR (V.VILLE_ORIGINE = 'TOULOUSE' AND V.VILLE_DESTINATAIRE = 'MARSEILLE');

-- Question 57:Affichez les commandes de chaque client en les classant par date de commande.

SELECT TC.NOM, TC.LBL_EMAIL, TCOM.DATE_COMMANDE, TCOM.MONTANT,
       ROW_NUMBER() OVER (PARTITION BY TC.CD_EMAIL ORDER BY TCOM.DATE_COMMANDE) AS RANG_COMMANDE
FROM HR.TF_TRAIN_COMMANDE AS TCOM
JOIN HR.TD_TRAIN_CLIENT AS TC ON TCOM.CD_EMAIL = TC.CD_EMAIL;

-- Question 58:Affichez le total des montants dépensés cumulés par chaque client pour ses trajets.

SELECT TC.NOM, TC.LBL_EMAIL, TCOM.DATE_COMMANDE, TCOM.MONTANT,
       SUM(TCOM.MONTANT) OVER (PARTITION BY TC.CD_EMAIL ORDER BY TCOM.DATE_COMMANDE) AS TOTAL_CUMULE
FROM HR.TF_TRAIN_COMMANDE AS TCOM
JOIN HR.TD_TRAIN_CLIENT AS TC ON TCOM.CD_EMAIL = TC.CD_EMAIL;

-- Question 59:Affichez la commande la plus chère pour chaque client et le rang de chaque commande en fonction du montant dépensé.

SELECT TC.NOM, TC.LBL_EMAIL, TCOM.CD_COMMANDE, TCOM.MONTANT,
       RANK() OVER (PARTITION BY TC.CD_EMAIL ORDER BY TCOM.MONTANT DESC) AS RANG_MONTANT
FROM HR.TF_TRAIN_COMMANDE AS TCOM
JOIN HR.TD_TRAIN_CLIENT AS TC ON TCOM.CD_EMAIL = TC.CD_EMAIL;

-- Question 60:Affichez le nombre cumulatif de commandes pour chaque client par date de commande.

SELECT TC.NOM, TC.LBL_EMAIL, TCOM.DATE_COMMANDE,
       COUNT(TCOM.CD_COMMANDE) OVER (PARTITION BY TC.CD_EMAIL ORDER BY TCOM.DATE_COMMANDE) AS NOMBRE_CUMULATIF_COMMANDES
FROM HR.TF_TRAIN_COMMANDE AS TCOM
JOIN HR.TD_TRAIN_CLIENT AS TC ON TCOM.CD_EMAIL = TC.CD_EMAIL;

-- Question 61:Affichez les commandes de chaque client avec une somme cumulée des montants de commandes, classée par date de commande.

SELECT TC.NOM, TC.LBL_EMAIL, TCOM.DATE_COMMANDE, TCOM.MONTANT,
       SUM(TCOM.MONTANT) OVER (PARTITION BY TC.CD_EMAIL ORDER BY TCOM.DATE_COMMANDE) AS SOMME_CUMULEE
FROM HR.TF_TRAIN_COMMANDE AS TCOM
JOIN HR.TD_TRAIN_CLIENT AS TC ON TCOM.CD_EMAIL = TC.CD_EMAIL;

-- Question 62:Affichez les clients dont l'adresse email contient "yahoo".

SELECT TC.NOM, TC.LBL_EMAIL
FROM HR.TD_TRAIN_CLIENT AS TC
WHERE TC.LBL_EMAIL LIKE '%yahoo%';

-- Question 63:Affichez les 5 premiers caractères des noms des clients.

SELECT SUBSTRING(TC.NOM, 1, 5) AS NOM_REDUIT, TC.LBL_EMAIL
FROM HR.TD_TRAIN_CLIENT AS TC;

-- Question 64:Affichez les noms des clients en majuscules.

SELECT UPPER(TC.NOM) AS NOM_MAJUSCULE, TC.LBL_EMAIL
FROM HR.TD_TRAIN_CLIENT AS TC;

-- Question 65:Affichez les prénoms des clients en inversant les lettres (par exemple, "Jean" devient "naeJ").

SELECT REVERSE(TC.PRENOM) AS PRENOM_INVERSE, TC.LBL_EMAIL
FROM HR.TD_TRAIN_CLIENT AS TC;

-- Question 66:Affichez les adresses email des clients en remplaçant les points "." par des tirets "-".

SELECT REPLACE(TC.LBL_EMAIL, '.', '-') AS EMAIL_MODIFIE
FROM HR.TD_TRAIN_CLIENT AS TC;

-- Question 67:Affichez le nombre total de commandes par mois pour l'année en cours.

SELECT 
    EXTRACT(MONTH FROM DATE_COMMANDE) AS Mois,
    COUNT(*) AS Nombre_Commandes
FROM 
    HR.TF_TRAIN_COMMANDE
WHERE 
    EXTRACT(YEAR FROM DATE_COMMANDE) = EXTRACT(YEAR FROM CURRENT_DATE)
GROUP BY 
    Mois
ORDER BY 
    Mois;

-- Question 68:Affichez la tendance des montants dépensés par trimestre.

SELECT 
    EXTRACT(QUARTER FROM DATE_COMMANDE) AS Trimestre,
    SUM(MONTANT) AS Montant_Total
FROM 
    HR.TF_TRAIN_COMMANDE
GROUP BY 
    Trimestre
ORDER BY 
    Trimestre;

-- Question 69:Affichez les clients qui n'ont effectué que des trajets aller simple (sans retour).

SELECT 
    TC.NOM, 
    TC.LBL_EMAIL
FROM 
    HR.TD_TRAIN_CLIENT AS TC
JOIN 
    HR.TF_TRAIN_COMMANDE AS TCOM ON TC.CD_EMAIL = TCOM.CD_EMAIL
WHERE 
    TCOM.TYPE_TRAJET = 'Aller'
GROUP BY 
    TC.NOM, TC.LBL_EMAIL
HAVING 
    COUNT(CASE WHEN TCOM.TYPE_TRAJET = 'Retour' THEN 1 END) = 0;

-- Question 70:Affichez les clients qui ont effectué des trajets en groupe (plus de 5 personnes).

SELECT 
    TC.NOM, 
    TC.LBL_EMAIL
FROM 
    HR.TD_TRAIN_CLIENT AS TC
JOIN 
    HR.TF_TRAIN_COMMANDE AS TCOM ON TC.CD_EMAIL = TCOM.CD_EMAIL
WHERE 
    TCOM.NB_PERSONNES > 5
GROUP BY 
    TC.NOM, TC.LBL_EMAIL;

-- Question 71:Affichez les commandes qui ont été modifiées (changement de date, montant, etc.) et 
-- les raisons de ces modifications.

SELECT 
    CD_COMMANDE, 
    DATE_MODIFICATION, 
    RAISON_MODIFICATION
FROM 
    HR.TF_TRAIN_COMMANDE_MODIFIEE
WHERE 
    DATE_MODIFICATION IS NOT NULL;

-- Question 72:Affichez les commandes qui ont été effectuées par des clients ayant un nom de famille spécifique.

SELECT 
    TCOM.CD_COMMANDE, 
    TC.NOM, 
    TC.LBL_EMAIL
FROM 
    HR.TF_TRAIN_COMMANDE AS TCOM
JOIN 
    HR.TD_TRAIN_CLIENT AS TC ON TCOM.CD_EMAIL = TC.CD_EMAIL
WHERE 
    TC.NOM = 'Dupont'; -- Remplacez 'Dupont' par le nom de famille spécifique

-- Question 73:Affichez les trajets avec la distance la plus courte et la plus longue.

SELECT 
    VILLE_ORIGINE, 
    VILLE_DESTINATAIRE, 
    DISTANCE
FROM 
    HR.TD_TRAIN_VOYAGE
WHERE 
    DISTANCE = (SELECT MIN(DISTANCE) FROM HR.TD_TRAIN_VOYAGE)
    OR DISTANCE = (SELECT MAX(DISTANCE) FROM HR.TD_TRAIN_VOYAGE);

-- Question 74:Calculez la distance totale parcourue par chaque client.

SELECT 
    TC.NOM, 
    TC.LBL_EMAIL, 
    SUM(TV.DISTANCE) AS Distance_Totale
FROM 
    HR.TD_TRAIN_CLIENT AS TC
JOIN 
    HR.TF_TRAIN_COMMANDE AS TCOM ON TC.CD_EMAIL = TCOM.CD_EMAIL
JOIN 
    HR.TD_TRAIN_VOYAGE AS TV ON TCOM.CD_VOYAGE = TV.CD_VOYAGE
GROUP BY 
    TC.NOM, TC.LBL_EMAIL;

-- Question 75:Affichez les clients ayant la carte de fidélité la plus ancienne.

SELECT 
    TC.NOM, 
    TC.LBL_EMAIL, 
    MIN(TC.DATE_DEBUT_FIDELITE) AS Date_Carte
FROM 
    HR.TD_TRAIN_CLIENT AS TC
JOIN 
    HR.TD_CARTE_FIDELITE AS TCF ON TC.CD_CLIENT = TCF.CD_CLIENT
GROUP BY 
    TC.NOM, TC.LBL_EMAIL
HAVING 
    MIN(TC.DATE_DEBUT_FIDELITE) = (SELECT MIN(DATE_DEBUT_FIDELITE) FROM HR.TD_CARTE_FIDELITE);

-- Question 76:Affichez les cartes de fidélité qui ont été utilisées au moins une fois.

SELECT 
    TCF.CD_CARTE, 
    TCF.LBL_CARTE
FROM 
    HR.TD_CARTE_FIDELITE AS TCF
JOIN 
    HR.TF_TRAIN_COMMANDE AS TCOM ON TCF.CD_CARTE = TCOM.CD_CARTE
GROUP BY 
    TCF.CD_CARTE, TCF.LBL_CARTE;

-- Question 77:Affichez les clients ayant bénéficié d'une promotion et leur montant total dépensé.

SELECT 
    TC.NOM, 
    TC.LBL_EMAIL, 
    SUM(TCOM.MONTANT) AS Montant_Total
FROM 
    HR.TD_TRAIN_CLIENT AS TC
JOIN 
    HR.TF_TRAIN_COMMANDE AS TCOM ON TC.CD_EMAIL = TCOM.CD_EMAIL
WHERE 
    TCOM.PROMOTION_APPLIQUEE = TRUE
GROUP BY 
    TC.NOM, TC.LBL_EMAIL;

-- Question 78:Affichez les trajets réservés avec des réductions spéciales.

SELECT 
    TCOM.CD_COMMANDE, 
    TC.NOM, 
    TCOM.MONTANT
FROM 
    HR.TF_TRAIN_COMMANDE AS TCOM
JOIN 
    HR.TD_TRAIN_CLIENT AS TC ON TCOM.CD_EMAIL = TC.CD_EMAIL
WHERE 
    TCOM.REDUCTION_SPECIALE IS NOT NULL;

-- Question 79:Affichez les avis des clients pour les trajets effectués.

SELECT 
    TC.NOM, 
    TC.LBL_EMAIL, 
    TAVIS.AVIS
FROM 
    HR.TD_TRAIN_CLIENT AS TC
JOIN 
    HR.TD_AVIS AS TAVIS ON TC.CD_CLIENT = TAVIS.CD_CLIENT
WHERE 
    TAVIS.CD_COMMANDE IS NOT NULL;

-- Question 80:Calculez le taux de satisfaction moyen des clients par type de carte.

SELECT 
    TCF.LBL_CARTE, 
    AVG(TAVIS.NOTE) AS Taux_Satisfaction
FROM 
    HR.TD_CARTE_FIDELITE AS TCF
JOIN 
    HR.TD_AVIS AS TAVIS ON TCF.CD_CLIENT = TAVIS.CD_CLIENT
GROUP BY 
    TCF.LBL_CARTE;

-- Question 81:Comparez le montant total des commandes effectuées par les clients en première classe par rapport à ceux en seconde classe.

SELECT 
    TYPE_CLASSE, 
    SUM(MONTANT) AS Montant_Total
FROM 
    HR.TF_TRAIN_COMMANDE
GROUP BY 
    TYPE_CLASSE;

-- Question 82:Comparez le nombre de trajets effectués entre deux villes spécifiques.

SELECT 
    COUNT(*) AS Nombre_Trajets
FROM 
    HR.TD_TRAIN_VOYAGE
WHERE 
    (VILLE_ORIGINE = 'Paris' AND VILLE_DESTINATAIRE = 'Lyon')
    OR (VILLE_ORIGINE = 'Lyon' AND VILLE_DESTINATAIRE = 'Paris');

-- Question 83:Affichez les clients pour lesquels certaines informations (email, numéro de téléphone) sont manquantes.

SELECT 
    NOM, 
    LBL_EMAIL
FROM 
    HR.TD_TRAIN_CLIENT
WHERE 
    LBL_EMAIL IS NULL OR NUMERO_TELEPHONE IS NULL;

-- Question 84:Affichez les trajets pour lesquels la date ou le montant est manquant.

SELECT 
    CD_COMMANDE, 
    DATE_VOYAGE, 
    MONTANT
FROM 
    HR.TF_TRAIN_COMMANDE
WHERE 
    DATE_VOYAGE IS NULL OR MONTANT IS NULL;

-- Question 85:Identifiez les requêtes qui prennent le plus de temps à s'exécuter et proposez des optimisations.

-- Cela nécessiterait l'analyse des performances de la base de données
-- Utilisez l'outil d'analyse de requêtes de votre SGBD (comme EXPLAIN)

-- Question 86:Analysez la structure des tables pour voir si des index supplémentaires pourraient améliorer les performances.

-- Cela dépend de votre SGBD et de ses outils
-- Par exemple, dans PostgreSQL : 
SELECT 
    * 
FROM 
    pg_indexes 
WHERE 
    tablename = 'TF_TRAIN_COMMANDE';

-- Question 87:Affichez les clients qui ont effectué au moins une commande avec chaque type de train disponible.

SELECT CD_EMAIL
FROM HR.TF_TRAIN_COMMANDE
GROUP BY CD_EMAIL
HAVING COUNT(DISTINCT CD_TRAIN) = (SELECT COUNT(*) FROM HR.TD_TYPE_TRAIN);

-- Question 88:Affichez les trajets effectués par des clients qui ont utilisé au moins deux cartes différentes pour payer leurs commandes.

SELECT CD_EMAIL, CD_VOYAGE, COUNT(DISTINCT CD_CARTE) AS NOMBRE_CARTES
FROM HR.TF_TRAIN_COMMANDE
GROUP BY CD_EMAIL, CD_VOYAGE
HAVING COUNT(DISTINCT CD_CARTE) >= 2;

-- Question 89:Sélectionnez les clients dont la somme totale des montants des commandes est supérieure au montant total dépensé par au moins 90 % des autres clients.

SELECT CD_EMAIL
FROM HR.TF_TRAIN_COMMANDE
GROUP BY CD_EMAIL
HAVING SUM(MONTANT) > (
    SELECT PERCENTILE_CONT(0.9) WITHIN GROUP (ORDER BY SUM(MONTANT)) 
    FROM HR.TF_TRAIN_COMMANDE 
    GROUP BY CD_EMAIL
);

-- Question 90:Affichez les clients qui ont effectué un trajet entre des villes différentes, mais avec le même montant pour deux trajets distincts.

SELECT A.CD_EMAIL
FROM HR.TF_TRAIN_COMMANDE AS A
JOIN HR.TF_TRAIN_COMMANDE AS B 
ON A.CD_EMAIL = B.CD_EMAIL 
AND A.CD_VOYAGE != B.CD_VOYAGE
AND A.MONTANT = B.MONTANT;

-- Question 91:Affichez les clients ayant effectué des trajets qui représentent au moins 20 % du total des trajets pour une ville donnée.

SELECT CD_EMAIL, CD_VOYAGE, COUNT(*) AS NB_TRAJETS, 
COUNT(*) * 100.0 / (SELECT COUNT(*) FROM HR.TF_TRAIN_COMMANDE) AS POURCENTAGE
FROM HR.TF_TRAIN_COMMANDE
GROUP BY CD_EMAIL, CD_VOYAGE
HAVING COUNT(*) * 100.0 / (SELECT COUNT(*) FROM HR.TF_TRAIN_COMMANDE) >= 20;

-- Question 92:Créez un index pour améliorer les performances des requêtes concernant les trajets entre Paris et Lyon.

CREATE INDEX idx_voyage_paris_lyon 
ON HR.TD_TRAIN_VILLE (VILLE_ORIGINE, VILLE_DESTINATION);

-- Question 93:Analysez l'impact des vues matérialisées sur une requête calculant le montant total dépensé par chaque client pour des trajets sur l'année 2023.

CREATE MATERIALIZED VIEW mv_total_montant_2023 AS
SELECT CD_EMAIL, SUM(MONTANT) AS TOTAL_DEPENSE
FROM HR.TF_TRAIN_COMMANDE
WHERE YEAR(DATE_VOYAGE) = 2023
GROUP BY CD_EMAIL;

-- Question 94:Proposez un plan de partitionnement pour une table avec beaucoup de données, comme TF_TRAIN_COMMANDE.
-- Partitionner la table TF_TRAIN_COMMANDE par année via la colonne DATE_VOYAGE :

CREATE TABLE TF_TRAIN_COMMANDE (
    -- Définition des colonnes
)
PARTITION BY RANGE (DATE_VOYAGE) (
    PARTITION p_2022 VALUES LESS THAN (TO_DATE('2023-01-01', 'YYYY-MM-DD')),
    PARTITION p_2023 VALUES LESS THAN (TO_DATE('2024-01-01', 'YYYY-MM-DD')),
    -- Autres partitions
);

-- Question 95:Écrivez une transaction qui met à jour le montant des commandes si un client obtient un remboursement partiel.

BEGIN TRANSACTION;
UPDATE HR.TF_TRAIN_COMMANDE
SET MONTANT = MONTANT - 20
WHERE CD_COMMANDE = 12345;

-- Assurer la cohérence des données
IF @@ERROR != 0 
BEGIN
   ROLLBACK TRANSACTION;
END
ELSE
BEGIN
   COMMIT TRANSACTION;
END;

-- Question 96:Affichez les commandes qui ont été modifiées ou annulées lors d'une transaction concurrente.

SELECT CD_COMMANDE, MONTANT, STATUT
FROM HR.TF_TRAIN_COMMANDE
WHERE STATUT IN ('MODIFIE', 'ANNULE')
AND DATE_MODIFICATION > DATE_COMMANDE;

-- Question 97:Simulez une situation où deux transactions tentent de mettre à jour simultanément le même enregistrement.

-- Transaction 1
BEGIN TRANSACTION;
UPDATE HR.TF_TRAIN_COMMANDE
SET MONTANT = MONTANT + 50
WHERE CD_COMMANDE = 12345;

-- Transaction 2 (provoque un deadlock)
BEGIN TRANSACTION;
UPDATE HR.TF_TRAIN_COMMANDE
SET MONTANT = MONTANT - 50
WHERE CD_COMMANDE = 12345;

-- Pour résoudre un deadlock :
SET DEADLOCK_PRIORITY LOW; -- Permet à une transaction de "perdre" le deadlock

-- Question 98:Affichez les clients ayant réservé des trajets pour des dates futures, en les classant par la date de leur réservation.

SELECT CD_EMAIL, DATE_VOYAGE
FROM HR.TF_TRAIN_COMMANDE
WHERE DATE_VOYAGE > CURRENT_DATE
ORDER BY DATE_VOYAGE ASC;

-- Question 99:Calculez l'écart moyen (en jours) entre la date de commande et la date de voyage pour tous les trajets effectués par un client.

SELECT CD_EMAIL, AVG(DATEDIFF(DAY, DATE_COMMANDE, DATE_VOYAGE)) AS ECART_MOYEN
FROM HR.TF_TRAIN_COMMANDE
GROUP BY CD_EMAIL;

-- Question 100:Affichez la liste des clients ayant annulé des commandes dans les 24 heures suivant leur réservation.

SELECT CD_EMAIL
FROM HR.TF_TRAIN_COMMANDE
WHERE STATUT = 'ANNULE'
AND DATEDIFF(HOUR, DATE_COMMANDE, DATE_ANNULATION) <= 24;

-- Question 101:Affichez les trajets effectués par des clients sur des distances supérieures à 500 km.

SELECT CD_EMAIL, CD_VOYAGE
FROM HR.TF_TRAIN_COMMANDE AS TCOM
JOIN HR.TD_TRAIN_VILLE AS TV ON TCOM.CD_VOYAGE = TV.CD_VOYAGE
WHERE TV.DISTANCE_KM > 500;

-- Question 102:Calculez la distance totale parcourue par chaque client pour tous ses trajets.

SELECT CD_EMAIL, SUM(DISTANCE_KM) AS DISTANCE_TOTALE
FROM HR.TF_TRAIN_COMMANDE AS TCOM
JOIN HR.TD_TRAIN_VILLE AS TV ON TCOM.CD_VOYAGE = TV.CD_VOYAGE
GROUP BY CD_EMAIL;

-- Question 103:Créez une requête pour suivre les commandes en temps réel avec les dernières mises à jour.

SELECT CD_COMMANDE, STATUT, DATE_MODIFICATION
FROM HR.TF_TRAIN_COMMANDE
WHERE DATE_MODIFICATION > CURRENT_TIMESTAMP - INTERVAL '1 MINUTE';

-- Question 104:Simulez un tableau de bord récapitulant le nombre de commandes par minute.

SELECT DATE_TRUNC('minute', DATE_COMMANDE) AS MINUTE, COUNT(*) AS NB_COMMANDES
FROM HR.TF_TRAIN_COMMANDE
WHERE DATE_COMMANDE >= CURRENT_TIMESTAMP - INTERVAL '1 HOUR'
GROUP BY DATE_TRUNC('minute', DATE_COMMANDE);

-- Question 105:Affichez les clients qui ont réservé au moins un trajet avec chaque type de carte de fidélité.

SELECT C.ID_CLIENT
FROM CLIENTS C
JOIN COMMANDES CM ON C.ID_CLIENT = CM.ID_CLIENT
JOIN CARTES_FIDELITE CF ON CM.ID_CARTE = CF.ID_CARTE
GROUP BY C.ID_CLIENT
HAVING COUNT(DISTINCT CF.TYPE_CARTE) = (SELECT COUNT(DISTINCT TYPE_CARTE) FROM CARTES_FIDELITE);

-- Question 106:Sélectionnez les villes qui ont été visitées par plus de 50 % des clients inscrits dans la base de données.

SELECT VILLE_DESTINATION
FROM TRAJETS
GROUP BY VILLE_DESTINATION
HAVING COUNT(DISTINCT ID_CLIENT) > (SELECT COUNT(*) FROM CLIENTS) / 2;

-- Question 107:Affichez les clients qui ont dépensé plus de 1000 euros cumulés uniquement dans des trajets effectués les jours fériés.

SELECT C.ID_CLIENT
FROM CLIENTS C
JOIN COMMANDES CM ON C.ID_CLIENT = CM.ID_CLIENT
JOIN TRAJETS T ON CM.ID_TRAJET = T.ID_TRAJET
WHERE T.DATE_TRAJET IN (SELECT DATE_FERIEE FROM JOURS_FERIES)
GROUP BY C.ID_CLIENT
HAVING SUM(CM.MONTANT) > 1000;

-- Question 108:Affichez les clients qui n'ont utilisé qu'une seule carte pour tous leurs trajets.

SELECT C.ID_CLIENT
FROM CLIENTS C
JOIN COMMANDES CM ON C.ID_CLIENT = CM.ID_CLIENT
GROUP BY C.ID_CLIENT
HAVING COUNT(DISTINCT CM.ID_CARTE) = 1;

-- Question 109:Affichez les clients qui ont un total de commandes supérieur au montant moyen de commandes de tous les clients combinés.

SELECT C.ID_CLIENT, SUM(CM.MONTANT) AS TOTAL_COMMANDE
FROM CLIENTS C
JOIN COMMANDES CM ON C.ID_CLIENT = CM.ID_CLIENT
GROUP BY C.ID_CLIENT
HAVING SUM(CM.MONTANT) > (SELECT AVG(TOTAL_COMMANDE) 
                          FROM (SELECT SUM(MONTANT) AS TOTAL_COMMANDE
                                FROM COMMANDES
                                GROUP BY ID_CLIENT) AS TOTAL_PAR_CLIENT);

-- Question 110:Proposez un plan d'indexation pour les colonnes les plus fréquemment utilisées dans les requêtes concernant les trajets entre Paris et Bordeaux.

CREATE INDEX idx_trajets_villes
ON TRAJETS (VILLE_ORIGINE, VILLE_DESTINATION);

-- Question 111:Créez un plan d'exécution pour analyser la performance d'une requête récupérant toutes les commandes de l'année précédente. 
-- Identifiez les goulets d'étranglement et proposez des optimisations.

EXPLAIN ANALYZE
SELECT *
FROM COMMANDES
WHERE EXTRACT(YEAR FROM DATE_COMMANDE) = EXTRACT(YEAR FROM NOW()) - 1;

-- Question 112:Analysez le comportement d'une requête avec et sans un index sur la colonne "CD_COMMANDE" dans la table des commandes.
-- Pour mesurer la performance avec un index, vous pouvez d'abord créer l'index :
CREATE INDEX idx_cd_commande
ON COMMANDES (CD_COMMANDE);

-- Ensuite, vous pouvez utiliser EXPLAIN ANALYZE pour voir les performances :
EXPLAIN ANALYZE
SELECT *
FROM COMMANDES
WHERE CD_COMMANDE = 'SOME_CODE';

-- Question 113:Implémentez un index composite sur les colonnes "VILLE_ORIGINE" et "VILLE_DESTINATION" dans la table des trajets, 
-- et évaluez son impact sur les requêtes filtrant sur ces colonnes.

CREATE INDEX idx_villes
ON TRAJETS (VILLE_ORIGINE, VILLE_DESTINATION);

-- Ensuite, évaluez l'impact avec EXPLAIN ANALYZE :
EXPLAIN ANALYZE
SELECT *
FROM TRAJETS
WHERE VILLE_ORIGINE = 'Paris' AND VILLE_DESTINATION = 'Lyon';

-- Question 114:Écrivez une requête optimisée pour récupérer tous les trajets annulés par des clients ayant dépensé plus de 500 euros.

SELECT T.ID_TRAJET, T.VILLE_ORIGINE, T.VILLE_DESTINATION, CM.MONTANT
FROM TRAJETS T
JOIN COMMANDES CM ON T.ID_TRAJET = CM.ID_TRAJET
JOIN CLIENTS C ON CM.ID_CLIENT = C.ID_CLIENT
WHERE T.STATUS = 'annulé'
AND C.ID_CLIENT IN (SELECT ID_CLIENT
                    FROM COMMANDES
                    GROUP BY ID_CLIENT
                    HAVING SUM(MONTANT) > 500);

-- Question 115:Écrivez une transaction qui ajoute un montant de pénalité à toutes les commandes annulées, 
-- tout en assurant l'intégrité des données même en cas d'erreur.

BEGIN TRANSACTION;

UPDATE COMMANDES
SET MONTANT = MONTANT + 20
WHERE STATUS = 'annulé';

COMMIT;

-- Si une erreur survient, la transaction pourra être annulée avec :
ROLLBACK;

-- Question 116:Affichez les clients qui ont effectué des modifications sur une commande pendant qu'une autre transaction 
-- était en cours (verrouillage d'enregistrement).

-- Première transaction (Transaction A) :
BEGIN;

SELECT * FROM COMMANDES
WHERE ID_COMMANDE = '12345'
FOR UPDATE;

-- Deuxième transaction (Transaction B) — tentant de modifier la même commande :
BEGIN;

UPDATE COMMANDES
SET MONTANT = MONTANT + 10
WHERE ID_COMMANDE = '12345';

-- Question 117:Simulez une situation où plusieurs clients tentent de réserver le dernier billet disponible pour un trajet 
-- et montrez comment prévenir la sur-réservation avec des transactions SQL.

-- Commencez une transaction et vérifiez la disponibilité du billet :
BEGIN;

SELECT NOMBRE_BILLETS
FROM TRAJETS
WHERE ID_TRAJET = '123'
FOR UPDATE;

-- Si des billets sont disponibles, effectuez la réservation :
IF NOMBRE_BILLETS > 0 THEN
    UPDATE TRAJETS
    SET NOMBRE_BILLETS = NOMBRE_BILLETS - 1
    WHERE ID_TRAJET = '123';
    
    INSERT INTO COMMANDES (ID_CLIENT, ID_TRAJET, MONTANT)
    VALUES ('1', '123', 100);
    
    COMMIT;
ELSE
    ROLLBACK;
END IF;

-- Question 118:Créez une requête qui détecte et résout les conflits de transaction pour des clients essayant de mettre à jour leurs commandes simultanément.

-- Bloquer une mise à jour jusqu'à ce que l'autre soit terminée :
BEGIN;

SELECT * FROM COMMANDES
WHERE ID_COMMANDE = '12345'
FOR UPDATE NOWAIT;

-- Si un conflit est détecté, la transaction peut être annulée ou mise en attente.

-- Question 119:Écrivez une requête qui détecte les tentatives d'annulation de commande dans une transaction concurrente.

-- Première transaction : verrouiller la commande.
BEGIN;

SELECT * FROM COMMANDES
WHERE ID_COMMANDE = '12345'
FOR UPDATE;

-- Deuxième transaction : tenter d'annuler la même commande.
UPDATE COMMANDES
SET STATUS = 'annulé'
WHERE ID_COMMANDE = '12345';

-- Question 120:Affichez les clients qui réservent systématiquement leurs trajets plus de 30 jours avant la date de départ.

SELECT C.ID_CLIENT
FROM CLIENTS C
JOIN COMMANDES CM ON C.ID_CLIENT = CM.ID_CLIENT
JOIN TRAJETS T ON CM.ID_TRAJET = T.ID_TRAJET
GROUP BY C.ID_CLIENT
HAVING COUNT(CASE WHEN T.DATE_TRAJET - CM.DATE_COMMANDE > 30 THEN 1 END) = COUNT(*);

-- Question 121:Calculez l'écart moyen (en jours) entre la réservation et l'annulation pour les trajets annulés.

SELECT AVG(DATE_PART('day', DATE_ANNULATION - DATE_COMMANDE)) AS ECART_MOYEN
FROM COMMANDES
WHERE STATUS = 'annulé';

-- Question 122:Affichez les commandes où la différence entre la date de réservation et la date de voyage dépasse la moyenne pour tous les clients.

WITH ECART_MOYEN AS (
  SELECT AVG(DATE_PART('day', T.DATE_TRAJET - CM.DATE_COMMANDE)) AS MOYENNE_ECART
  FROM COMMANDES CM
  JOIN TRAJETS T ON CM.ID_TRAJET = T.ID_TRAJET
)
SELECT CM.*
FROM COMMANDES CM
JOIN TRAJETS T ON CM.ID_TRAJET = T.ID_TRAJET
JOIN ECART_MOYEN EM ON TRUE
WHERE DATE_PART('day', T.DATE_TRAJET - CM.DATE_COMMANDE) > EM.MOYENNE_ECART;

-- Question 123:Affichez les clients ayant annulé leurs trajets dans les 48 heures précédant le départ, classés par la date d'annulation.

SELECT C.ID_CLIENT, CM.ID_COMMANDE, CM.DATE_ANNULATION
FROM CLIENTS C
JOIN COMMANDES CM ON C.ID_CLIENT = CM.ID_CLIENT
JOIN TRAJETS T ON CM.ID_TRAJET = T.ID_TRAJET
WHERE CM.STATUS = 'annulé'
AND DATE_PART('day', T.DATE_TRAJET - CM.DATE_ANNULATION) <= 2
ORDER BY CM.DATE_ANNULATION ASC;

-- Question 124:Affichez les trajets annulés où la période entre la réservation et l'annulation dépasse 90 jours.

SELECT T.*
FROM TRAJETS T
JOIN COMMANDES CM ON T.ID_TRAJET = CM.ID_TRAJET
WHERE CM.STATUS = 'annulé'
AND DATE_PART('day', CM.DATE_ANNULATION - CM.DATE_COMMANDE) > 90;

-- Question 125:Affichez le nombre total de trajets pour chaque client et calculez leur part de marché (pourcentage) par rapport à l'ensemble des trajets effectués.

WITH TOTAL_TRAJETS AS (
  SELECT COUNT(*) AS TOTAL
  FROM TRAJETS
)
SELECT C.ID_CLIENT, COUNT(T.ID_TRAJET) AS TOTAL_TRAJETS_CLIENT, 
       (COUNT(T.ID_TRAJET) * 100.0 / (SELECT TOTAL FROM TOTAL_TRAJETS)) AS PART_DE_MARCHE
FROM CLIENTS C
JOIN COMMANDES CM ON C.ID_CLIENT = CM.ID_CLIENT
JOIN TRAJETS T ON CM.ID_TRAJET = T.ID_TRAJET
GROUP BY C.ID_CLIENT;

-- Question 126:Affichez les clients ayant effectué les trois trajets les plus chers par date de commande, classés par montant.

SELECT C.ID_CLIENT, CM.ID_COMMANDE, CM.MONTANT
FROM CLIENTS C
JOIN COMMANDES CM ON C.ID_CLIENT = CM.ID_CLIENT
ORDER BY CM.MONTANT DESC
LIMIT 3;

-- Question 127:Calculez la somme des montants dépensés par chaque client, ainsi que leur rang par rapport aux autres clients (du plus élevé au plus faible).

SELECT C.ID_CLIENT, SUM(CM.MONTANT) AS TOTAL_DEPENSE, RANK() OVER (ORDER BY SUM(CM.MONTANT) DESC) AS RANG
FROM CLIENTS C
JOIN COMMANDES CM ON C.ID_CLIENT = CM.ID_CLIENT
GROUP BY C.ID_CLIENT
ORDER BY TOTAL_DEPENSE DESC;

-- Question 128:Affichez les trajets avec le montant de commande le plus élevé pour chaque client, ainsi que leur classement par rapport aux autres trajets du même client.

WITH MAX_TRAJETS_CLIENT AS (
  SELECT C.ID_CLIENT, MAX(CM.MONTANT) AS MAX_MONTANT
  FROM CLIENTS C
  JOIN COMMANDES CM ON C.ID_CLIENT = CM.ID_CLIENT
  GROUP BY C.ID_CLIENT
)
SELECT C.ID_CLIENT, CM.ID_COMMANDE, CM.MONTANT, 
       RANK() OVER (PARTITION BY C.ID_CLIENT ORDER BY CM.MONTANT DESC) AS RANG
FROM CLIENTS C
JOIN COMMANDES CM ON C.ID_CLIENT = CM.ID_CLIENT
JOIN MAX_TRAJETS_CLIENT MTC ON C.ID_CLIENT = MTC.ID_CLIENT AND CM.MONTANT = MTC.MAX_MONTANT;

-- Question 129:Calculez le montant total dépensé par chaque client pour les trajets effectués au cours des trois dernières années, avec un classement cumulatif.

SELECT C.ID_CLIENT, SUM(CM.MONTANT) AS TOTAL_DEPENSE, 
       RANK() OVER (ORDER BY SUM(CM.MONTANT) DESC) AS RANG
FROM CLIENTS C
JOIN COMMANDES CM ON C.ID_CLIENT = CM.ID_CLIENT
JOIN TRAJETS T ON CM.ID_TRAJET = T.ID_TRAJET
WHERE T.DATE_TRAJET >= CURRENT_DATE - INTERVAL '3 years'
GROUP BY C.ID_CLIENT
ORDER BY TOTAL_DEPENSE DESC;

-- Question 130:Affichez les trajets qui couvrent une distance inférieure à la médiane de toutes les distances parcourues entre les différentes villes.

WITH MEDIANE_DISTANCE AS (
  SELECT PERCENTILE_CONT(0.5) WITHIN GROUP (ORDER BY DISTANCE) AS MEDIANE
  FROM TRAJETS
)
SELECT T.*
FROM TRAJETS T
JOIN MEDIANE_DISTANCE MD ON T.DISTANCE < MD.MEDIANE;

-- Question 131:Calculez la distance totale parcourue par chaque client, en incluant à la fois les trajets aller et retour.

SELECT C.ID_CLIENT, SUM(T.DISTANCE * 2) AS DISTANCE_TOTALE
FROM CLIENTS C
JOIN COMMANDES CM ON C.ID_CLIENT = CM.ID_CLIENT
JOIN TRAJETS T ON CM.ID_TRAJET = T.ID_TRAJET
GROUP BY C.ID_CLIENT;

-- Question 132:Affichez les trajets qui se situent dans un rayon de 200 km autour d'une ville donnée (utiliser des fonctions géospatiales).

SELECT T.*
FROM TRAJETS T
WHERE ST_Distance(ST_SetSRID(ST_MakePoint(T.LONGITUDE_ORIGINE, T.LATITUDE_ORIGINE), 4326), 
                  ST_SetSRID(ST_MakePoint(LONGITUDE_VILLE_DONNEE, LATITUDE_VILLE_DONNEE), 4326)) < 200000;

-- Question 133:Calculez la distance moyenne des trajets pour chaque client et identifiez ceux dont la moyenne dépasse 500 km.

SELECT C.ID_CLIENT, AVG(T.DISTANCE) AS DISTANCE_MOYENNE
FROM CLIENTS C
JOIN COMMANDES CM ON C.ID_CLIENT = CM.ID_CLIENT
JOIN TRAJETS T ON CM.ID_TRAJET = T.ID_TRAJET
GROUP BY C.ID_CLIENT
HAVING AVG(T.DISTANCE) > 500;

-- Question 134:Affichez les trajets qui couvrent une distance plus longue que la distance moyenne entre Paris et Lyon.

WITH DISTANCE_PARIS_LYON AS (
  SELECT AVG(T.DISTANCE) AS DISTANCE_MOYENNE
  FROM TRAJETS T
  WHERE T.VILLE_ORIGINE = 'Paris' AND T.VILLE_DESTINATION = 'Lyon'
)
SELECT T.*
FROM TRAJETS T
JOIN DISTANCE_PARIS_LYON DPL ON T.DISTANCE > DPL.DISTANCE_MOYENNE;

-- Question 135:Créez une requête qui affiche en temps réel le nombre de trajets réservés au cours des dernières 24 heures.

SELECT COUNT(*) AS NOMBRE_TRAJETS
FROM COMMANDES CM
JOIN TRAJETS T ON CM.ID_TRAJET = T.ID_TRAJET
WHERE CM.DATE_COMMANDE >= NOW() - INTERVAL '24 hours';

-- Question 136:Simulez un flux de commandes en temps réel et affichez le montant cumulé des commandes toutes les 5 minutes.

SELECT DATE_TRUNC('minute', CM.DATE_COMMANDE) AS PERIODE, 
       SUM(CM.MONTANT) AS MONTANT_CUMULE
FROM COMMANDES CM
GROUP BY DATE_TRUNC('minute', CM.DATE_COMMANDE)
ORDER BY PERIODE;

-- Question 137:Créez une vue matérialisée pour résumer les trajets et les montants dépensés pour chaque ville de départ et de destination sur l'année en cours.

CREATE MATERIALIZED VIEW VUE_TRAJETS_MONTANTS AS
SELECT T.VILLE_ORIGINE, T.VILLE_DESTINATION, SUM(CM.MONTANT) AS MONTANT_TOTAL, COUNT(*) AS NOMBRE_TRAJETS
FROM TRAJETS T
JOIN COMMANDES CM ON T.ID_TRAJET = CM.ID_TRAJET
WHERE EXTRACT(YEAR FROM T.DATE_TRAJET) = EXTRACT(YEAR FROM CURRENT_DATE)
GROUP BY T.VILLE_ORIGINE, T.VILLE_DESTINATION;

-- Question 138:Affichez les commandes reçues et annulées dans les 24 dernières heures, avec un indicateur visuel de leur statut (ex : ✅ pour les commandes reçues, ❌ pour les commandes annulées).

SELECT CM.ID_COMMANDE, CM.STATUS, 
       CASE WHEN CM.STATUS = 'reçue' THEN '✅' 
            WHEN CM.STATUS = 'annulé' THEN '❌'
       END AS INDICATEUR_STATUS
FROM COMMANDES CM
WHERE CM.DATE_COMMANDE >= NOW() - INTERVAL '24 hours';

-- Question 139:Simulez un flux de nouvelles commandes et affichez une analyse en temps réel de la répartition des commandes par type de train.

SELECT T.TYPE_TRAIN, COUNT(*) AS NOMBRE_COMMANDES
FROM TRAINS T
JOIN TRAJETS TJ ON T.ID_TRAIN = TJ.ID_TRAIN
JOIN COMMANDES CM ON TJ.ID_TRAJET = CM.ID_TRAJET
WHERE CM.DATE_COMMANDE >= NOW() - INTERVAL '1 hour'
GROUP BY T.TYPE_TRAIN;

-- Question 140:Affichez les clients dont le montant total des commandes dépasse 200 % de la moyenne des montants de commandes de tous les clients.

WITH MOYENNE_COMMANDES AS (
  SELECT AVG(SUM_CM.MONTANT_TOTAL) * 2 AS SEUIL
  FROM (SELECT SUM(CM.MONTANT) AS MONTANT_TOTAL 
        FROM COMMANDES CM 
        GROUP BY CM.ID_CLIENT) SUM_CM
)
SELECT C.ID_CLIENT, SUM(CM.MONTANT) AS TOTAL_DEPENSE
FROM CLIENTS C
JOIN COMMANDES CM ON C.ID_CLIENT = CM.ID_CLIENT
GROUP BY C.ID_CLIENT
HAVING SUM(CM.MONTANT) > (SELECT SEUIL FROM MOYENNE_COMMANDES);

-- Question 141:Affichez les trajets qui représentent plus de 30 % du total des trajets effectués sur une ville donnée.

WITH TOTAL_TRAJETS_VILLE AS (
  SELECT VILLE_DESTINATION, COUNT(*) AS TOTAL_TRAJETS
  FROM TRAJETS
  GROUP BY VILLE_DESTINATION
)
SELECT T.*
FROM TRAJETS T
JOIN TOTAL_TRAJETS_VILLE TTV ON T.VILLE_DESTINATION = TTV.VILLE_DESTINATION
WHERE (SELECT COUNT(*) FROM TRAJETS WHERE VILLE_DESTINATION = T.VILLE_DESTINATION) > 0.3 * TTV.TOTAL_TRAJETS;

-- Question 142:Affichez les villes pour lesquelles la somme des montants de commandes dépasse 50 % du montant total dépensé pour tous les trajets.

WITH TOTAL_MONTANTS AS (
  SELECT SUM(CM.MONTANT) AS MONTANT_TOTAL
  FROM COMMANDES CM
)
SELECT T.VILLE_DESTINATION, SUM(CM.MONTANT) AS MONTANT_PAR_VILLE
FROM TRAJETS T
JOIN COMMANDES CM ON T.ID_TRAJET = CM.ID_TRAJET
GROUP BY T.VILLE_DESTINATION
HAVING SUM(CM.MONTANT) > 0.5 * (SELECT MONTANT_TOTAL FROM TOTAL_MONTANTS);

-- Question 143: Calculez le taux d'annulation pour chaque type de trajet (ex. : business, standard) au cours des 6 derniers mois.

SELECT T.TYPE_TRAJET, 
       COUNT(CASE WHEN CM.STATUS = 'annulé' THEN 1 END) * 100.0 / COUNT(*) AS TAUX_ANNULATION
FROM TRAJETS T
JOIN COMMANDES CM ON T.ID_TRAJET = CM.ID_TRAJET
WHERE CM.DATE_COMMANDE >= NOW() - INTERVAL '6 months'
GROUP BY T.TYPE_TRAJET;

-- Question 144:Affichez les clients qui ont effectué des trajets représentant plus de 10 % du montant total des trajets pour l'année 2023.

WITH TOTAL_MONTANT_TRAJETS AS (
    SELECT SUM(CM.MONTANT) AS MONTANT_TOTAL
    FROM COMMANDES CM
    JOIN TRAJETS T ON CM.ID_TRAJET = T.ID_TRAJET
    WHERE EXTRACT(YEAR FROM T.DATE_TRAJET) = 2023
),
CLIENT_MONTANTS AS (
    SELECT C.ID_CLIENT, SUM(CM.MONTANT) AS MONTANT_CLIENT
    FROM CLIENTS C
    JOIN COMMANDES CM ON C.ID_CLIENT = CM.ID_CLIENT
    JOIN TRAJETS T ON CM.ID_TRAJET = T.ID_TRAJET
    WHERE EXTRACT(YEAR FROM T.DATE_TRAJET) = 2023
    GROUP BY C.ID_CLIENT
)
SELECT CM.ID_CLIENT
FROM CLIENT_MONTANTS CM, TOTAL_MONTANT_TRAJETS TMT
WHERE CM.MONTANT_CLIENT > 0.1 * TMT.MONTANT_TOTAL;

-- Question 145:Affichez les trajets effectués par des clients dont les commandes totales dépassent 90 % du total dépensé par tous les autres clients.

WITH TOTAL_DEPENSES AS (
    SELECT SUM(CM.MONTANT) AS TOTAL
    FROM COMMANDES CM
),
CLIENT_DEPENSES AS (
    SELECT C.ID_CLIENT, SUM(CM.MONTANT) AS DEPENSE_CLIENT
    FROM CLIENTS C
    JOIN COMMANDES CM ON C.ID_CLIENT = CM.ID_CLIENT
    GROUP BY C.ID_CLIENT
),
CLIENTS_90P AS (
    SELECT CD.ID_CLIENT
    FROM CLIENT_DEPENSES CD, TOTAL_DEPENSES TD
    WHERE CD.DEPENSE_CLIENT > 0.9 * (TD.TOTAL - CD.DEPENSE_CLIENT)
)
SELECT T.*
FROM TRAJETS T
JOIN COMMANDES CM ON T.ID_TRAJET = CM.ID_TRAJET
JOIN CLIENTS_90P CP ON CM.ID_CLIENT = CP.ID_CLIENT;
